segment,customers,revenue,average_recency,average_frequency,average_customer_value,median_customer_value,average_units,customer_share_pct,revenue_share_pct,recommended_action
Champions,649,4712279.95,7.975346687211094,13.023112480739599,7260.831972265023,3078.58,4137.767334360555,14.96081143384048,53.023170786290294,"Reward and retain these customers with early access, loyalty benefits, and personalized offers."
Loyal Customers,692,1981815.251,26.637283236994218,5.7485549132947975,2863.8948713872833,1459.0500000000002,1663.9725433526012,15.952051636698938,22.29963619216803,"Encourage repeat purchasing through loyalty rewards, bundles, and relevant cross-selling."
At Risk,489,1047123.351,110.36196319018404,4.539877300613497,2141.35654601227,1534.26,1195.0715746421267,11.272475795297373,11.78236455887677,"Prioritize reactivation campaigns, especially for historically high-value customers."
Needs Attention,965,607550.461,116.98963730569949,1.7430051813471503,629.5859699481865,443.6,418.14818652849743,22.245274319963116,6.836234730683264,Review purchasing patterns and test targeted offers before assigning heavy marketing investment.
Potential Loyalists,446,266995.89,23.32511210762332,2.304932735426009,598.6454932735427,546.7,363.92152466367713,10.281235592438911,3.0042715680989147,Use follow-up campaigns and second-purchase incentives to develop these customers into loyal customers.
Hibernating,1002,240737.701,201.43812375249502,1.0748502994011977,240.25718662674652,213.625,143.85129740518963,23.09820193637621,2.708811099990332,Use low-cost re-engagement campaigns and avoid expensive discounts unless previous value justifies them.
New Customers,95,30706.29,10.284210526315789,1.0,323.2241052631579,245.10000000000002,218.6421052631579,2.18994928538497,0.3455110638924069,"Provide onboarding messages, product recommendations, and a time-limited second-order offer."
