transaction_type,rows,invoices,units,recorded_value,row_share_pct
cancelled,9251,3836,-275560,-893979.73,1.7285546920982757
invalid_price,584,229,40052,-22124.12,0.10912073723763843
return,474,474,-160801,0.0,0.08856717371685037
sale,524878,19960,5572420,10642110.804,98.07375739694723
